
INSERT INTO role (name) VALUES ('ROLE_USER'),('ROLE_DRIVER'),('ROLE_ADMIN');

insert into my_users (email, password, name, surname, city, phone, profile_activated, picture, is_blocked, role_id) values ('pera@gmail.com','sifra','Pera','Peric','grad','42145135',true,'slika',false,2);
insert into my_users (email, password, name, surname, city, phone, profile_activated, picture, is_blocked, role_id) values ('zima@gmail.com','sifra','Sima','Simic','grad','42145135',true,'slika',false,2);
insert into my_users (email, password, name, surname, city, phone, profile_activated, picture, is_blocked, role_id) values ('djura@gmail.com','sifra','Djura','Djuric','grad','42145135',true,'slika',false,2);

insert into my_users (email, password, name, surname, city, phone, profile_activated, picture, is_blocked, role_id) values ('registrovani1@gmail.com','sifra','Put','Putic','grad','42145135',true,'slika',false,1);
insert into my_users (email, password, name, surname, city, phone, profile_activated, picture, is_blocked, role_id) values ('registrovani2@gmail.com','sifra','Isidora','Mladjic','grad','42145135',true,'slika',false,1);

insert into registered_user (id, is_busy) values (4, false);
insert into registered_user (id, is_busy) values (5, false);


INSERT INTO COORD (latitude, longitude) values (45.223481, 19.847990);
INSERT INTO COORD (latitude, longitude) values (45.255521, 19.845071);
INSERT INTO COORD (latitude, longitude) values (45.247309, 19.796717);


insert into driver (active, baby_allowed, car_type, is_driver_free, pet_allowed, id, current_coords_id) values (true, true, 'SUV', true, true, 1,1);
insert into driver (active, baby_allowed, car_type, is_driver_free, pet_allowed, id, current_coords_id) values (true, true, 'SUV', true, true, 2,2);
insert into driver (active, baby_allowed, car_type, is_driver_free, pet_allowed, id, current_coords_id) values (true, true, 'SUV', true, true, 3,3);

insert into change_profile_requests (name, surname, email, city, phone, picture, car_type, baby_allowed, pets_allowed) values ('Djurica', 'Djuric', 'djura@gmail.com', 'Samac','42145135', 'slika', 'SUV', true, false);
insert into change_profile_requests (name, surname, email, city, phone, picture, car_type, baby_allowed, pets_allowed) values ('Simija', 'Radesic', 'zima@gmail.com', 'Samac','42145135', 'slika', 'SUV', false, false);

insert into route (start_location_id, end_location_id, routejson) values (2, 3, JSON '{"code":"Ok","routes":[{"legs":[{"steps":[{"geometry":{"coordinates":[[19.848048,45.22346],[19.848064,45.223481],[19.848158,45.223602],[19.848247,45.223718],[19.848416,45.223909],[19.848649,45.224213],[19.84887,45.224506],[19.849089,45.224779],[19.849313,45.225069],[19.849529,45.225342],[19.850033,45.225979],[19.850258,45.226264],[19.850325,45.226349],[19.850342,45.226394],[19.850328,45.226424],[19.850116,45.226517],[19.850067,45.226553],[19.84998,45.226626]],"type":"LineString"},"maneuver":{"bearing_after":28,"bearing_before":0,"location":[19.848048,45.22346],"modifier":"left","type":"depart"},"mode":"driving","driving_side":"right","name":"Гајева","intersections":[{"out":0,"entry":[true],"bearings":[28],"location":[19.848048,45.22346]},{"out":0,"in":1,"entry":[true,false,true],"bearings":[30,210,300],"location":[19.849089,45.224779]}],"weight":67.3,"duration":67.3,"distance":412},{"geometry":{"coordinates":[[19.84998,45.226626],[19.85076,45.226961],[19.851061,45.227087],[19.851443,45.227249],[19.851913,45.227455],[19.85195,45.227471]],"type":"LineString"},"maneuver":{"bearing_after":57,"bearing_before":319,"location":[19.84998,45.226626],"modifier":"right","type":"turn"},"mode":"driving","driving_side":"right","name":"Војводе Путника","intersections":[{"out":0,"in":1,"entry":[true,false,true,true],"bearings":[60,135,240,330],"location":[19.84998,45.226626]}],"weight":16.3,"duration":16.3,"distance":181},{"geometry":{"coordinates":[[19.85195,45.227471],[19.852146,45.227509],[19.852268,45.227552],[19.852388,45.227595],[19.852464,45.227625],[19.852683,45.227715],[19.852836,45.227784],[19.853239,45.227971],[19.854141,45.22846],[19.854567,45.228699],[19.855171,45.229065],[19.855544,45.229315],[19.8559,45.229568],[19.857303,45.230584],[19.857726,45.230922]],"type":"LineString"},"maneuver":{"bearing_after":59,"bearing_before":57,"location":[19.85195,45.227471],"modifier":"straight","type":"new name"},"mode":"driving","driving_side":"right","name":"Каменички пут","intersections":[{"out":0,"in":1,"entry":[true,false],"bearings":[60,240],"location":[19.85195,45.227471]},{"out":0,"in":2,"entry":[true,true,false,true],"bearings":[60,150,240,330],"location":[19.852464,45.227625]},{"out":0,"in":2,"entry":[true,true,false],"bearings":[45,75,240],"location":[19.854141,45.22846]},{"out":0,"in":1,"entry":[true,false],"bearings":[45,225],"location":[19.855171,45.229065]},{"out":0,"in":2,"entry":[true,false,false],"bearings":[45,210,225],"location":[19.8559,45.229568]},{"out":0,"in":2,"entry":[true,true,false],"bearings":[45,60,225],"location":[19.857303,45.230584]}],"weight":39.900000000,"duration":39.900000000,"distance":598.5},{"geometry":{"coordinates":[[19.857726,45.230922],[19.857835,45.23088],[19.85797,45.230832],[19.858322,45.230714],[19.85922,45.230401],[19.859961,45.230143],[19.860511,45.229941]],"type":"LineString"},"maneuver":{"bearing_after":115,"bearing_before":40,"location":[19.857726,45.230922],"modifier":"right","type":"turn"},"mode":"driving","driving_side":"right","name":"","intersections":[{"out":1,"in":2,"entry":[true,true,false,false],"bearings":[45,120,225,300],"location":[19.857726,45.230922]},{"out":0,"in":2,"entry":[true,false,false],"bearings":[120,285,300],"location":[19.858322,45.230714]},{"out":0,"in":2,"entry":[true,true,false],"bearings":[120,135,300],"location":[19.859961,45.230143]}],"weight":22.1,"duration":22.1,"distance":244.4},{"geometry":{"coordinates":[[19.860511,45.229941],[19.860666,45.229891],[19.861054,45.229752],[19.861322,45.229655],[19.86148,45.229527],[19.86155,45.229403],[19.861556,45.229315],[19.861543,45.22921],[19.861464,45.229106],[19.861344,45.228978],[19.861207,45.228876],[19.861074,45.22878],[19.860965,45.228717],[19.860787,45.228651],[19.860606,45.228604],[19.86033,45.228593],[19.859915,45.228616],[19.859485,45.228692],[19.858955,45.228799]],"type":"LineString"},"maneuver":{"bearing_after":113,"bearing_before":116,"location":[19.860511,45.229941],"modifier":"straight","type":"new name"},"mode":"driving","destinations":"Нови Сад","driving_side":"right","name":"","intersections":[{"out":1,"in":3,"entry":[false,true,true,false],"bearings":[60,120,240,300],"location":[19.860511,45.229941]},{"lanes":[{"valid":false,"indications":["left"]},{"valid":true,"indications":["straight"]}],"out":1,"in":3,"entry":[true,true,false,false],"bearings":[60,120,240,300],"location":[19.860666,45.229891]},{"out":2,"in":0,"entry":[false,false,true],"bearings":[90,105,285],"location":[19.859915,45.228616]}],"weight":29.9,"duration":29.9,"distance":361.7},{"geometry":{"coordinates":[[19.858955,45.228799],[19.858655,45.228876],[19.857995,45.229073],[19.857333,45.229305],[19.856538,45.229605],[19.855337,45.230122],[19.854973,45.230303],[19.854705,45.230454]],"type":"LineString"},"maneuver":{"bearing_after":289,"bearing_before":285,"location":[19.858955,45.228799],"modifier":"straight","type":"new name"},"mode":"driving","driving_side":"right","name":"Тунел Мишелук","intersections":[{"out":1,"in":0,"entry":[false,true],"bearings":[105,285],"location":[19.858955,45.228799]}],"weight":21.6,"duration":21.6,"distance":382.5},{"geometry":{"coordinates":[[19.854705,45.230454],[19.854198,45.23076],[19.853725,45.231065],[19.853056,45.231525],[19.852019,45.232277],[19.848672,45.234643],[19.847081,45.235768],[19.846902,45.235903],[19.846757,45.236017],[19.846585,45.236158],[19.846454,45.236272],[19.846163,45.236535],[19.845817,45.236878],[19.845416,45.2373],[19.845171,45.2376],[19.845,45.237828],[19.844893,45.237977],[19.844791,45.238125],[19.844749,45.238188],[19.8447,45.238268],[19.844626,45.238398],[19.844066,45.239409]],"type":"LineString"},"maneuver":{"bearing_after":309,"bearing_before":307,"location":[19.854705,45.230454],"modifier":"straight","type":"new name"},"mode":"driving","driving_side":"right","name":"Мост слободе","intersections":[{"out":1,"in":0,"entry":[false,true],"bearings":[135,315],"location":[19.854705,45.230454]}],"weight":73.8,"duration":73.8,"distance":1313.9},{"geometry":{"coordinates":[[19.844066,45.239409],[19.844056,45.239425],[19.842964,45.241379],[19.842949,45.241404],[19.842934,45.241431],[19.842844,45.241598],[19.842794,45.241685],[19.84276,45.24175],[19.84274,45.241787],[19.842619,45.242005],[19.842596,45.242046],[19.84235,45.242489],[19.842335,45.242516],[19.842257,45.242657],[19.842232,45.242701],[19.841822,45.243438],[19.84181,45.243461],[19.841756,45.243558],[19.841685,45.243684],[19.841676,45.243701],[19.841664,45.243723],[19.841606,45.24382],[19.841551,45.243923],[19.841501,45.244016],[19.841491,45.244041],[19.840996,45.244924],[19.840878,45.245129],[19.840184,45.246385],[19.840077,45.246577],[19.840025,45.24667],[19.839997,45.246721],[19.839702,45.247249],[19.839422,45.247751],[19.839398,45.247797],[19.839382,45.247825],[19.839324,45.24793],[19.839267,45.248029],[19.839204,45.248147],[19.839187,45.248177],[19.838813,45.24885],[19.838066,45.250194],[19.838056,45.250212],[19.838042,45.250236],[19.837952,45.250398],[19.837211,45.251718],[19.8372,45.251738],[19.837189,45.251758],[19.83718,45.251777],[19.837111,45.251906]],"type":"LineString"},"maneuver":{"bearing_after":336,"bearing_before":337,"location":[19.844066,45.239409],"modifier":"straight","type":"new name"},"mode":"driving","driving_side":"right","name":"Булевар ослобођења","intersections":[{"out":1,"in":0,"entry":[false,true],"bearings":[165,330],"location":[19.844066,45.239409]},{"lanes":[{"valid":true,"indications":["left"]},{"valid":true,"indications":["straight"]},{"valid":true,"indications":["straight"]},{"valid":false,"indications":["right"]}],"out":3,"in":1,"entry":[true,false,false,true],"bearings":[75,165,255,345],"location":[19.842844,45.241598]},{"lanes":[{"valid":false,"indications":["left"]},{"valid":true,"indications":["straight"]},{"valid":true,"indications":["straight"]}],"out":3,"in":1,"entry":[false,false,true,true],"bearings":[75,165,255,345],"location":[19.842794,45.241685]},{"out":3,"in":1,"entry":[true,false,false,true],"bearings":[75,165,255,345],"location":[19.841606,45.24382]},{"out":3,"in":1,"entry":[false,false,true,true],"bearings":[75,165,255,345],"location":[19.841551,45.243923]},{"out":2,"in":1,"entry":[true,false,true],"bearings":[60,165,345],"location":[19.840077,45.246577]},{"lanes":[{"valid":true,"indications":["left"]},{"valid":true,"indications":["straight"]},{"valid":true,"indications":["straight"]},{"valid":true,"indications":["straight","right"]}],"out":3,"in":1,"entry":[true,false,false,true],"bearings":[75,165,255,345],"location":[19.839324,45.24793]},{"lanes":[{"valid":false,"indications":["left"]},{"valid":true,"indications":["straight"]},{"valid":true,"indications":["straight"]},{"valid":true,"indications":["straight","right"]}],"out":3,"in":1,"entry":[false,false,true,true],"bearings":[75,165,255,345],"location":[19.839267,45.248029]},{"out":2,"in":1,"entry":[false,false,true],"bearings":[60,165,345],"location":[19.838813,45.24885]},{"out":2,"in":1,"entry":[true,false,true],"bearings":[75,165,345],"location":[19.837952,45.250398]}],"weight":147.4,"duration":147.4,"distance":1492.4},{"geometry":{"coordinates":[[19.837111,45.251906],[19.837264,45.251973],[19.837301,45.251989],[19.837382,45.252028],[19.837429,45.25205],[19.838236,45.252424],[19.83855,45.252557],[19.838653,45.252601],[19.839809,45.253101],[19.840335,45.253312],[19.840525,45.253389],[19.841382,45.25375],[19.841682,45.253876],[19.842122,45.254066],[19.842176,45.254088],[19.842229,45.254112],[19.842246,45.254118],[19.84245,45.254195]],"type":"LineString"},"maneuver":{"bearing_after":56,"bearing_before":337,"location":[19.837111,45.251906],"modifier":"right","type":"turn"},"mode":"driving","driving_side":"right","name":"Јеврејска","intersections":[{"lanes":[{"valid":false,"indications":["left"]},{"valid":false,"indications":["straight"]},{"valid":false,"indications":["straight"]},{"valid":true,"indications":["straight","right"]}],"out":0,"in":1,"entry":[true,false,false,true],"bearings":[60,165,240,345],"location":[19.837111,45.251906]},{"out":0,"in":2,"entry":[true,true,false],"bearings":[60,150,240],"location":[19.83855,45.252557]},{"out":0,"in":2,"entry":[true,true,false],"bearings":[60,90,240],"location":[19.842229,45.254112]}],"weight":34,"duration":34,"distance":490.3},{"geometry":{"coordinates":[[19.84245,45.254195],[19.842596,45.254249],[19.842528,45.25434],[19.84244,45.254469],[19.842428,45.254487],[19.841947,45.255171],[19.841813,45.255351],[19.841749,45.255462],[19.841693,45.255582],[19.841676,45.255618],[19.841647,45.255713]],"type":"LineString"},"maneuver":{"bearing_after":61,"bearing_before":61,"location":[19.84245,45.254195],"modifier":"left","type":"end of road"},"mode":"driving","driving_side":"right","name":"Успенска","intersections":[{"lanes":[{"valid":true,"indications":["left"]},{"valid":true,"indications":["left"]}],"out":0,"in":2,"entry":[true,false,false,false],"bearings":[60,150,240,330],"location":[19.84245,45.254195]},{"lanes":[{"valid":true,"indications":["left"]},{"valid":true,"indications":["left"]}],"out":2,"in":1,"entry":[false,false,true],"bearings":[150,240,330],"location":[19.842596,45.254249]},{"lanes":[{"valid":false,"indications":["left"]},{"valid":true,"indications":["straight","left"]},{"valid":true,"indications":["straight"]},{"valid":true,"indications":["straight"]}],"out":2,"in":0,"entry":[false,true,true],"bearings":[150,240,330],"location":[19.842528,45.25434]}],"weight":24.3,"duration":24.3,"distance":192.3},{"geometry":{"coordinates":[[19.841647,45.255713],[19.841644,45.255815],[19.841632,45.25595],[19.841632,45.256119],[19.841665,45.256505],[19.841687,45.25683],[19.841695,45.256934],[19.841698,45.256985],[19.841696,45.257034],[19.841688,45.257068],[19.841659,45.257098]],"type":"LineString"},"maneuver":{"bearing_after":357,"bearing_before":345,"location":[19.841647,45.255713],"modifier":"straight","type":"new name"},"mode":"driving","driving_side":"right","name":"Шафарикова","intersections":[{"lanes":[{"valid":false,"indications":["left"]},{"valid":true,"indications":["straight"]},{"valid":true,"indications":["straight"]}],"out":0,"in":1,"entry":[true,false,true],"bearings":[0,165,270],"location":[19.841647,45.255713]},{"out":0,"in":2,"entry":[true,true,false],"bearings":[0,120,180],"location":[19.841665,45.256505]}],"weight":18.1,"duration":18.1,"distance":154.9},{"geometry":{"coordinates":[[19.841659,45.257098],[19.841805,45.25707],[19.842518,45.256965],[19.843198,45.256869],[19.843341,45.256835],[19.843409,45.25681],[19.843477,45.25677],[19.843729,45.256603],[19.843746,45.256591],[19.843782,45.256567],[19.843852,45.256514]],"type":"LineString"},"maneuver":{"bearing_after":101,"bearing_before":11,"location":[19.841659,45.257098],"modifier":"right","type":"turn"},"mode":"driving","driving_side":"right","name":"Његошева","intersections":[{"out":1,"in":2,"entry":[true,true,true,true],"bearings":[15,105,195,285],"location":[19.841659,45.257098]},{"out":1,"in":2,"entry":[false,true,false],"bearings":[15,135,315],"location":[19.843729,45.256603]}],"weight":27.3,"duration":27.3,"distance":189.2},{"geometry":{"coordinates":[[19.843852,45.256514],[19.843899,45.256479],[19.843917,45.256465],[19.844135,45.256302],[19.844212,45.256244]],"type":"LineString"},"maneuver":{"bearing_after":136,"bearing_before":135,"location":[19.843852,45.256514],"modifier":"straight","type":"continue"},"mode":"driving","driving_side":"right","name":"Његошева","intersections":[{"out":1,"in":3,"entry":[true,true,true,false],"bearings":[30,135,225,315],"location":[19.843852,45.256514]}],"weight":9.9,"duration":9.9,"distance":41.2},{"geometry":{"coordinates":[[19.844212,45.256244],[19.844212,45.256244]],"type":"LineString"},"maneuver":{"bearing_after":0,"bearing_before":137,"location":[19.844212,45.256244],"modifier":"straight","type":"arrive"},"mode":"driving","driving_side":"right","name":"Његошева","intersections":[{"in":0,"entry":[true],"bearings":[317],"location":[19.844212,45.256244]}],"weight":0,"duration":0,"distance":0}],"summary":"Мост слободе, Булевар ослобођења","weight":531.9,"duration":531.9,"distance":6054.3}],"weight_name":"routability","weight":531.9,"duration":531.9,"distance":6054.3}],"waypoints":[{"hint":"wRmcg6Ioh4cDAAAAMwAAAO0AAAASAQAAQ6QpQE8RC0JXPSVDfiY-QwMAAAAzAAAA7QAAABIBAADn9AAAcNsuASQOsgI22y4BOQ6yAgYA_wzOuOqC","distance":5.118260490,"name":"Гајева","location":[19.848048,45.22346]},{"hint":"SgFlgXA1XIgAAAAAFQAAAAAAAABOAAAAAAAAACpcDUEAAAAATYIBQgAAAAAVAAAAAAAAAE4AAADn9AAAdMwuATSOsgLPzy4BYYuyAgAAzxPOuOqC","distance":104.880208095,"name":"Његошева","location":[19.844212,45.256244]}]}');

insert into ride (end_date_time, distance, expected_duration,
                  price, ride_state, start_date_time, driver_id, route_id) values ('2023-01-01 18:47:52.069', 54.3,
                                                                         100, 16.3, 'STARTED', '2012-09-17 18:47:52.069', 1,1);




-- insert into ride (end_date_time, distance, expected_duration,
--                   price, ride_state, start_date_time, driver_id, route_id) values ('2023-01-01 18:47:52.069', 54.3,
--                                                                                    100, 16.3, 'SCHEDULED', '2012-09-17 18:47:52.069', 1,1);
-- insert into ride (end_date_time, distance, expected_duration,
--                   price, ride_state, start_date_time, driver_id, route_id) values ('2023-01-01 18:47:52.069', 54.3,
--                                                                                    100, 16.3, 'IN_PROGRESS', '2012-09-17 18:47:52.069', 2,1);





--
-- insert into ride (end_date_time, distance, expected_duration,
-- price, ride_state, start_date_time, caller_email, driver_email, route_id) values ('2023-01-04 18:47:52.069', 54.3,
-- '2012-09-17 18:47:52.069', 56.3, 'SCHEDULED', '2012-09-17 18:47:52.069', 4, 1, 1);
--
-- insert into ride (end_date_time, distance, expected_duration,
-- price, ride_state, start_date_time, caller_email, driver_email, route_id) values ('2023-01-04 18:47:52.069', 54.3,
-- '2012-09-17 18:47:52.069', 56.3, 'SCHEDULED', '2012-09-17 18:47:52.069', 4, 1, 1);

INSERT INTO REVIEW (comment) values ('Kojmentar');
INSERT INTO MESSAGE (text, sender, receiver) values ('Hey','pera@gmail.com', 'zima@gmail.com' );
INSERT INTO MESSAGE (text, sender, receiver) values ('How are you??', 'zima@gmail.com',  'pera@gmail.com');
INSERT INTO MESSAGE (text, sender, receiver) values ('Djurina poruka', 'djura@gmail.com',  'zima@gmail.com');
INSERT INTO MESSAGE (text, sender, receiver) values ('Nije zimina', 'djura@gmail.com',  'pera@gmail.com');
